-- phpMyAdmin SQL Dump
-- version 5.1.1
-- https://www.phpmyadmin.net/
--
-- Host: 127.0.0.1
-- Generation Time: Aug 23, 2021 at 06:07 PM
-- Server version: 10.4.19-MariaDB
-- PHP Version: 8.0.7

SET SQL_MODE = "NO_AUTO_VALUE_ON_ZERO";
START TRANSACTION;
SET time_zone = "+00:00";


/*!40101 SET @OLD_CHARACTER_SET_CLIENT=@@CHARACTER_SET_CLIENT */;
/*!40101 SET @OLD_CHARACTER_SET_RESULTS=@@CHARACTER_SET_RESULTS */;
/*!40101 SET @OLD_COLLATION_CONNECTION=@@COLLATION_CONNECTION */;
/*!40101 SET NAMES utf8mb4 */;

--
-- Database: `data-tlu`
--

-- --------------------------------------------------------

--
-- Table structure for table `admin`
--

CREATE TABLE `admin` (
  `id` int(15) UNSIGNED NOT NULL,
  `fullname` varchar(255) NOT NULL,
  `username` varchar(255) NOT NULL,
  `password` varchar(255) NOT NULL
) ENGINE=InnoDB DEFAULT CHARSET=utf8mb4;

--
-- Dumping data for table `admin`
--

INSERT INTO `admin` (`id`, `fullname`, `username`, `password`) VALUES
(1, 'Đỗ Lân', 'dolan ', '123'),
(2, 'Vũ Ngọc Long', 'vulong', '123');

-- --------------------------------------------------------

--
-- Table structure for table `can_bo`
--

CREATE TABLE `can_bo` (
  `id` int(15) NOT NULL,
  `avatar` varchar(255) DEFAULT NULL,
  `fullname` varchar(255) DEFAULT NULL,
  `email` varchar(255) DEFAULT NULL,
  `phone_number` varchar(20) DEFAULT NULL,
  `address` text DEFAULT NULL,
  `id_don_vi` int(15) DEFAULT NULL,
  `id_chuc_vu` int(15) DEFAULT NULL
) ENGINE=InnoDB DEFAULT CHARSET=utf8mb4;

--
-- Dumping data for table `can_bo`
--

INSERT INTO `can_bo` (`id`, `avatar`, `fullname`, `email`, `phone_number`, `address`, `id_don_vi`, `id_chuc_vu`) VALUES
(1, 'http://cse.tlu.edu.vn/Portals/0/Images/2016/Tung%20VIASM.jpg', 'Nguyễn Thanh Tùng', 'thanhtung@e.tlu.edu.vn', '0336627852', '175 Tây Sơn - Đống Đa - Hà Nội', 305, 1),
(2, 'http://cse.tlu.edu.vn/Portals/0/Users/DangThuHien.jpg', 'Đặng Thu Hiền', 'thuhien@e.tlu.edu.vn', '0336747854', '175 Tây Sơn - Đống Đa - Hà Nội', 305, 2),
(3, 'http://cse.tlu.edu.vn/Portals/0/2016/HuongNT.jpg', 'Nguyễn Thị Thu Hương', 'thuhuong@e.tlu.edu.vn', '0333427953', '175 Tây Sơn - Đống Đa - Hà Nội', 305, 3),
(4, 'http://cse.tlu.edu.vn/Portals/0/Users/%e1%ba%a3nh%20th%e1%ba%bb.png', 'Nguyễn Khánh Linh', 'khanhlinh@e.tlu.edu.vn', '033223826', '175 Tây Sơn - Đống Đa - Hà Nội', 305, 3),
(5, 'http://cse.tlu.edu.vn/Portals/0/Users/nguyenhuutho.jpg', 'Nguyễn Hữu Thọ', 'huutho@e.tlu.edu.vn', '033449597', '175 - Tây Sơn - Đống Đa - Hà Nội', 203, 4),
(6, 'https://scontent.fhan14-2.fna.fbcdn.net/v/t1.6435-9/134082727_3746147788797314_2150711497752461835_n.jpg?_nc_cat=108&ccb=1-5&_nc_sid=09cbfe&_nc_ohc=_gCTNS-2xeYAX8mYEaN&_nc_ht=scontent.fhan14-2.fna&oh=39583c2d0a42d48cebf5d15dd34b44de&oe=6147E55A', 'Đỗ Lân', 'dolan@gmail.com', '033545971', '175 - Tây Sơn - Đống Đa - Hà Nội', 203, 5),
(7, 'http://cse.tlu.edu.vn/Portals/0/Users/le%20duc%20hau.jpg', 'Nguyễn Đức Hậu', 'haunguyen@e.tlu.edu.vn', '03554595', '175 - Tây Sơn - Đống Đa - Hà Nội', 203, 5),
(8, 'http://cse.tlu.edu.vn/Portals/0/Users/TrungLD.png', 'Phạm Xuân Trung', 'trungpham@e.tlu.edu.vn', '03554595', '175 - Tây Sơn - Đống Đa - Hà Nội', 203, NULL),
(9, 'http://cse.tlu.edu.vn/Portals/0/2016/phan%20thanh%20huyen.jpg', 'Phan Thị Thanh Huyền', 'thanhhuyen@e.tlu.edu.vn', '03554595', '175 - Tây Sơn - Đống Đa - Hà Nội', 203, NULL),
(10, 'http://cse.tlu.edu.vn/Portals/0/2016/Kieu%20Tuan%20Dung.jpg', 'Kiều Tuấn Dũng', 'kitudu@e.tlu.edu.vn', '03554595', '175 - Tây Sơn - Đống Đa - Hà Nội', 305, 3);

-- --------------------------------------------------------

--
-- Table structure for table `chuc_vu`
--

CREATE TABLE `chuc_vu` (
  `id` int(15) NOT NULL,
  `name_cv` varchar(255) DEFAULT NULL,
  `description` text DEFAULT NULL
) ENGINE=InnoDB DEFAULT CHARSET=utf8mb4;

--
-- Dumping data for table `chuc_vu`
--

INSERT INTO `chuc_vu` (`id`, `name_cv`, `description`) VALUES
(1, 'Trưởng Khoa', '3.8521.422'),
(2, 'P.Trưởng Khoa', NULL),
(3, 'Trợ lý Khoa', '3.5632.211'),
(4, 'Trưởng BM', NULL),
(5, 'Phó BM', NULL);

-- --------------------------------------------------------

--
-- Table structure for table `don_vi`
--

CREATE TABLE `don_vi` (
  `id` int(15) NOT NULL,
  `name_dv` varchar(255) DEFAULT NULL,
  `description` text DEFAULT NULL
) ENGINE=InnoDB DEFAULT CHARSET=utf8mb4;

--
-- Dumping data for table `don_vi`
--

INSERT INTO `don_vi` (`id`, `name_dv`, `description`) VALUES
(203, 'BM Toán học: P203', NULL),
(305, 'Văn phòng Khoa: P305', NULL);

--
-- Indexes for dumped tables
--

--
-- Indexes for table `admin`
--
ALTER TABLE `admin`
  ADD PRIMARY KEY (`id`);

--
-- Indexes for table `can_bo`
--
ALTER TABLE `can_bo`
  ADD PRIMARY KEY (`id`),
  ADD KEY `id_don_vi` (`id_don_vi`),
  ADD KEY `id_chuc_vu` (`id_chuc_vu`);

--
-- Indexes for table `chuc_vu`
--
ALTER TABLE `chuc_vu`
  ADD PRIMARY KEY (`id`);

--
-- Indexes for table `don_vi`
--
ALTER TABLE `don_vi`
  ADD PRIMARY KEY (`id`);

--
-- AUTO_INCREMENT for dumped tables
--

--
-- AUTO_INCREMENT for table `admin`
--
ALTER TABLE `admin`
  MODIFY `id` int(15) UNSIGNED NOT NULL AUTO_INCREMENT, AUTO_INCREMENT=3;

--
-- AUTO_INCREMENT for table `can_bo`
--
ALTER TABLE `can_bo`
  MODIFY `id` int(15) NOT NULL AUTO_INCREMENT, AUTO_INCREMENT=69;

--
-- AUTO_INCREMENT for table `chuc_vu`
--
ALTER TABLE `chuc_vu`
  MODIFY `id` int(15) NOT NULL AUTO_INCREMENT, AUTO_INCREMENT=6;

--
-- AUTO_INCREMENT for table `don_vi`
--
ALTER TABLE `don_vi`
  MODIFY `id` int(15) NOT NULL AUTO_INCREMENT, AUTO_INCREMENT=306;

--
-- Constraints for dumped tables
--

--
-- Constraints for table `can_bo`
--
ALTER TABLE `can_bo`
  ADD CONSTRAINT `can_bo_ibfk_1` FOREIGN KEY (`id_don_vi`) REFERENCES `don_vi` (`id`),
  ADD CONSTRAINT `can_bo_ibfk_2` FOREIGN KEY (`id_chuc_vu`) REFERENCES `chuc_vu` (`id`);
COMMIT;

/*!40101 SET CHARACTER_SET_CLIENT=@OLD_CHARACTER_SET_CLIENT */;
/*!40101 SET CHARACTER_SET_RESULTS=@OLD_CHARACTER_SET_RESULTS */;
/*!40101 SET COLLATION_CONNECTION=@OLD_COLLATION_CONNECTION */;
